pair_index,pair_t0_ns,pair_t1_ns,gt_t0_ns,gt_t1_ns,gt_tx,gt_ty,gt_tz,gt_rot_err_rad_ref0,ceres_tx,ceres_ty,ceres_tz,ceres_t_err_m,ceres_r_err_rad,gpu_tx,gpu_ty,gpu_tz,gpu_t_err_m,gpu_r_err_rad,gpu_available
0,1771545054628869272,1771545054723568120,1771545054632322552,1771545054721804920,-3.90098e-06,7.82635e-05,-3.90815e-05,0,-0.00796594,-0.0108256,-0.0131945,0.0188508,0.0285894,-0.00798008,-0.0107979,-0.0131969,0.0188425,0.0286103,1
1,1771545054723568120,1771545054823367128,1771545054721804920,1771545054821614680,5.77366e-06,-2.69325e-05,4.65332e-06,0,-0.0180305,-0.026168,-0.0025563,0.0318625,0.0254944,-0.0180255,-0.0261636,-0.00255999,0.0318564,0.0255037,1
2,1771545054823367128,1771545054924489240,1771545054821614680,1771545054923312728,-2.30853e-05,-1.13308e-05,9.0932e-07,0,0.0063628,-0.0310894,-0.0281942,0.0424452,0.02272,0.00636655,-0.0311401,-0.0281775,0.0424718,0.0227672,1
3,1771545054924489240,1771545055023660152,1771545054923312728,1771545055025401464,-2.69796e-05,2.37375e-05,-4.29848e-05,0,-0.00175813,-0.0309924,0.00514103,0.031494,0.0233973,-0.001763,-0.0309135,0.00511576,0.0314124,0.0234635,1
4,1771545055023660152,1771545055124648504,1771545055025401464,1771545055125410168,2.60407e-05,8.76523e-05,-2.34075e-05,0,0.012767,-0.0426033,0.00324368,0.0446713,0.0115755,0.0127918,-0.0426572,0.00334159,0.0447371,0.0116166,1
5,1771545055124648504,1771545055225360280,1771545055125410168,1771545055225500376,5.86884e-06,-0.000138754,3.78083e-05,0,-0.0504609,-0.0281325,-0.00233494,0.0577597,0.0514864,-0.050315,-0.0280005,-0.00243875,0.0575726,0.0516506,1
6,1771545055225360280,1771545055324309176,1771545055225500376,1771545055325572664,5.72094e-07,3.55731e-05,9.76875e-06,0,0.0142693,-0.0132323,0.00699159,0.0206973,0.0195803,0.0142649,-0.0132121,0.00698777,0.02068,0.0195925,1
7,1771545055324309176,1771545055424323128,1771545055325572664,1771545055422997336,-4.12769e-05,1.51087e-05,5.22622e-06,0,0.00598807,-0.0263001,-0.00927531,0.0285477,0.0200793,0.00599038,-0.0263054,-0.00927386,0.0285526,0.0200793,1
8,1771545055424323128,1771545055523299064,1771545055422997336,1771545055521570328,2.14883e-05,-4.92786e-05,1.27657e-06,0,0.0318861,-0.00105111,0.0196768,0.0374631,0.0247252,0.0318822,-0.00102603,0.0196725,0.0374568,0.0247493,1
9,1771545055523299064,1771545055628997176,1771545055521570328,1771545055628881528,4.41328e-05,2.19535e-05,-2.01947e-05,0,0.0305569,-0.0464549,-0.0307652,0.0635325,0.0231617,0.0305665,-0.0464591,-0.0307675,0.0635413,0.023172,1
10,1771545055628997176,1771545055724406968,1771545055628881528,1771545055725477400,-3.71249e-05,-4.24489e-05,1.5014e-06,0,0.00628594,-0.00327842,-0.0273106,0.0282206,0.0418616,0.00627307,-0.00316494,-0.0273395,0.028233,0.0419498,1
11,1771545055724406968,1771545055823262424,1771545055725477400,1771545055823164152,1.17576e-05,7.91972e-05,-1.60118e-06,0,-0.0168733,-0.00277695,0.00961721,0.0196414,0.0152467,-0.0168711,-0.00276768,0.00961385,0.0196365,0.0152545,1
12,1771545055823262424,1771545055924514840,1771545055823164152,1771545055925606904,-2.49586e-05,-4.26427e-05,2.63163e-05,0,0.00134284,-0.0465338,-0.00950115,0.0474771,0.0195438,0.00135695,-0.0464914,-0.009519,0.0474395,0.0195803,1
13,1771545055924514840,1771545056023417848,1771545055925606904,1771545056023691992,5.17921e-05,3.18947e-05,-4.56973e-05,0,-0.00481439,-0.0730866,-0.0266496,0.07796,0.0111773,-0.00480607,-0.0731165,-0.0266416,0.0779848,0.0111773,1
14,1771545056023417848,1771545056124076632,1771545056023691992,1771545056122476760,-5.50477e-05,1.57109e-05,-1.5818e-05,0,0.0224865,0.0097349,-0.00967631,0.0263801,0.0174763,0.0224805,0.00975102,-0.00967866,0.0263818,0.01749,1
15,1771545056124076632,1771545056223378008,1771545056122476760,1771545056223285304,5.78768e-06,-5.7275e-05,4.55304e-05,0,0.00740803,-0.00444633,-0.00900786,0.0124908,0.00460644,0.00746664,-0.00444709,-0.00902034,0.0125349,0.00465791,1
16,1771545056223378008,1771545056324470328,1771545056223285304,1771545056325752984,1.84707e-05,2.01171e-05,2.2925e-05,0,0.0410468,-0.043461,-0.00210998,0.0598205,0.0210871,0.041055,-0.0434616,-0.00211268,0.0598266,0.0210928,1
17,1771545056324470328,1771545056424119832,1771545056325752984,1771545056425572440,-2.43851e-05,4.10431e-05,-2.83187e-05,0,-0.019768,0.0276332,-0.0211878,0.0399858,0.0419896,-0.0197694,0.0276896,-0.0212036,0.0400338,0.0420378,1
18,1771545056424119832,1771545056524751768,1771545056425572440,1771545056524623928,3.65897e-05,-2.97195e-05,-8.18562e-06,0,0.0103764,0.000167234,0.0216568,0.0240067,0.00371864,0.0103313,0.000235181,0.0216597,0.0239906,0.00378221,1
19,1771545056524751768,1771545056624407000,1771545056524623928,1771545056625744504,-4.13029e-05,-1.89041e-07,3.47385e-05,0,0.021899,0.0316345,0.0054972,0.0388841,0.0404594,0.0219366,0.0318307,0.00542305,0.0390547,0.0405977,1
20,1771545056624407000,1771545056724482328,1771545056625744504,1771545056725608408,6.09398e-05,4.86157e-06,-3.30293e-05,0,-0.0315639,0.0215875,0.00951269,0.0394596,0.0252123,-0.0315695,0.0215903,0.00951439,0.0394661,0.025217,1
21,1771545056724482328,1771545056825444472,1771545056725608408,1771545056825605848,-4.7057e-05,-1.65925e-05,-3.38425e-07,0,0.0184326,-0.0333907,-0.0460512,0.0597998,0.0248359,0.0184298,-0.0332578,-0.0460986,0.0597614,0.0249317,1
22,1771545056825444472,1771545056924610744,1771545056825605848,1771545056925426232,1.1201e-05,4.37659e-05,4.06365e-05,0,0.016038,0.00523298,0.00082585,0.0168642,0.0238765,0.0160385,0.00523408,0.000825392,0.0168651,0.0238765,1
23,1771545056924610744,1771545057024593528,1771545056925426232,1771545057025474776,-2.29174e-05,-4.61532e-05,-7.54642e-05,0,-0.0452804,-0.00672891,-0.0262889,0.0527261,0.0152624,-0.0452736,-0.00673341,-0.0262906,0.0527217,0.0152702,1
24,1771545057024593528,1771545057124489496,1771545057025474776,1771545057125506360,1.88322e-05,1.36702e-05,5.10862e-05,0,-0.0199222,-0.0456954,-0.023059,0.054964,0.0122169,-0.0199104,-0.0456514,-0.0230764,0.0549304,0.0122461,1
25,1771545057124489496,1771545057224274456,1771545057125506360,1771545057223217432,-2.76467e-05,4.10319e-05,1.78178e-06,0,0.0422742,-0.0309246,0.00729848,0.0529297,0.0311136,0.0422664,-0.0308892,0.00729432,0.0529022,0.0311404,1
26,1771545057224274456,1771545057323620696,1771545057223217432,1771545057321669976,6.16678e-05,-6.02288e-05,-3.30637e-05,0,0.00393777,-0.0118453,-0.0198946,0.0234178,0.0120201,0.00400229,-0.0118874,-0.0198103,0.0233784,0.0120893,1
27,1771545057323620696,1771545057423848824,1771545057321669976,1771545057421727544,-3.91782e-05,1.96591e-05,7.57671e-05,0,-0.0170757,0.00703218,-0.00687355,0.0196904,0.022011,-0.0170749,0.0070377,-0.00687555,0.0196924,0.0220219,1
28,1771545057423848824,1771545057524469944,1771545057421727544,1771545057525937144,3.64968e-05,2.02731e-05,-3.41208e-05,0,0.0117586,-0.018104,0.0306128,0.037485,0.0351241,0.0117488,-0.0180682,0.0306051,0.0374584,0.0351648,1
29,1771545057524469944,1771545057625926296,1771545057525937144,1771545057625790136,-5.16812e-05,-5.70898e-05,-4.74232e-06,0,-0.0395492,-0.0840496,-0.0151674,0.0940463,0.0272966,-0.0395691,-0.0841188,-0.0151345,0.0941111,0.0273359,1
30,1771545057625926296,1771545057724563064,1771545057625790136,1771545057725633752,2.30198e-05,2.5779e-05,-2.85683e-06,0,-0.0464492,-0.00611252,-0.0085389,0.0476467,0.0212729,-0.0464495,-0.00611829,-0.0085369,0.0476474,0.0212729,1
31,1771545057724563064,1771545057824494840,1771545057725633752,1771545057825497592,3.95762e-06,-3.18793e-05,2.67552e-05,0,-0.0377863,-0.0436378,0.00103343,0.0577112,0.00828643,-0.0377748,-0.0436113,0.00102152,0.0576835,0.00830081,1
32,1771545057824494840,1771545057925594200,1771545057825497592,1771545057925747224,1.70638e-06,1.00026e-05,-3.81536e-05,0,-0.0162513,-0.0519578,-0.0500411,0.0739264,0.0271257,-0.0162519,-0.0519496,-0.0500433,0.0739222,0.0271257,1
33,1771545057925594200,1771545058025040504,1771545057925747224,1771545058025986296,-3.0017e-05,2.30687e-05,1.89992e-05,0,0.0133764,-0.0738406,0.0129762,0.0761805,0.0132018,0.0133734,-0.0738851,0.0129925,0.0762258,0.0132378,1
34,1771545058025040504,1771545058124883928,1771545058025986296,1771545058125656504,4.55529e-05,1.9008e-05,-3.0634e-07,0,0.0131535,-0.0502828,-0.0170384,0.0547027,0.0267807,0.0131678,-0.0503533,-0.0170232,0.0547663,0.0268207,1
35,1771545058124883928,1771545058223427320,1771545058125656504,1771545058221670008,-6.80068e-05,-2.51641e-05,3.96659e-05,0,-0.0432304,0.0151162,0.0159659,0.0484345,0.0174627,-0.0432303,0.0151202,0.0159646,0.0484352,0.0174627,1
36,1771545058223427320,1771545058327170328,1771545058221670008,1771545058325610776,2.41464e-05,3.5627e-05,-7.55158e-05,0,0.0145509,-0.0105909,-0.00406725,0.0184359,0.0168016,0.0145529,-0.0105831,-0.00407062,0.0184338,0.0168016,1
37,1771545058327170328,1771545058423254872,1771545058325610776,1771545058421858904,3.10953e-05,-5.88218e-06,-3.06399e-05,0,0.000843449,-0.0538347,0.00936982,0.0546496,0.025611,0.000843166,-0.0538309,0.00936874,0.0546456,0.025611,1
38,1771545058423254872,1771545058524891896,1771545058421858904,1771545058525788600,3.93719e-06,2.14792e-05,4.65605e-05,0,0.00102414,-0.0421462,-0.00354885,0.0423329,0.0206588,0.00101064,-0.0421048,-0.00355611,0.042292,0.0206934,1
39,1771545058524891896,1771545058630529528,1771545058525788600,1771545058597253400,1.51213e-05,-2.28845e-05,-1.51558e-05,0,-0.0123272,-0.0393079,-0.00593629,0.0416018,0.0164937,-0.0123175,-0.0393089,-0.00594057,0.0416004,0.0165009,1
40,1771545058630529528,1771545058724655928,1771545058597253400,1771545058791930360,-6.64527e-05,-4.42231e-05,2.30532e-05,0,-0.00119419,-0.0275174,-0.0402194,0.0487392,0.0170761,-0.00119581,-0.0274988,-0.0402248,0.0487331,0.0170901,1
41,1771545058724655928,1771545058824210200,1771545058791930360,1771545058825713464,4.72205e-05,2.99309e-05,-2.09831e-05,0,0.000778289,-0.021691,-0.00154327,0.0217865,0.0062721,0.00086053,-0.0218011,-0.00152568,0.0218979,0.00636642,1
42,1771545058824210200,1771545058924571320,1771545058825713464,1771545058923758552,-6.13168e-05,3.99487e-05,-3.0577e-06,0,-0.0321402,-0.042348,0.0063301,0.0535341,0.0224826,-0.0321357,-0.0421856,0.00627254,0.0533961,0.0226043,1
43,1771545058924571320,1771545059024369240,1771545058923758552,1771545059025733464,4.42277e-05,-5.63511e-05,7.39448e-05,0,0.0048012,0.02497,-0.0133138,0.0287781,0.0115961,0.00479067,0.0249788,-0.013312,0.0287831,0.0116166,1
44,1771545059024369240,1771545059124528248,1771545059025733464,1771545059121431544,1.36831e-05,8.67465e-05,-6.05524e-05,0,0.0211645,-0.0490732,0.0114708,0.0547451,0.0199662,0.0211736,-0.049087,0.011471,0.0547611,0.0199781,1
45,1771545059124528248,1771545059224148568,1771545059121431544,1771545059225366296,0.000118126,2.56802e-05,8.07474e-05,0,0.00684244,-0.0586772,-0.0453515,0.0745342,0.0158223,0.0068455,-0.0586881,-0.045349,0.0745414,0.0158298,1
46,1771545059224148568,1771545059324281592,1771545059225366296,1771545059325271064,-0.000191742,-0.000121537,-6.42775e-05,0,-0.00768039,-0.0295195,-0.0236874,0.0384496,0.0164792,-0.00766209,-0.0295257,-0.0236918,0.0384535,0.0165009,1
47,1771545059324281592,1771545059424281176,1771545059325271064,1771545059425320216,8.31196e-05,4.15727e-05,-1.38711e-06,0,0.00346607,0.00202507,0.00568016,0.00690352,0.0143526,0.00346481,0.002029,0.00567979,0.00690373,0.0143526,1
48,1771545059424281176,1771545059524622648,1771545059425320216,1771545059525436376,-1.26631e-06,-3.36077e-06,3.56161e-05,0,-0.0349781,-0.0394204,-0.0285408,0.0599474,0.0262229,-0.0349686,-0.0393491,-0.0285656,0.0599069,0.0262774,1
49,1771545059524622648,1771545059623263352,1771545059525436376,1771545059621622232,-1.29284e-05,8.10418e-06,-4.91084e-05,0,-0.0168571,0.00872791,0.0368924,0.0415263,0.0416073,-0.0168516,0.00875325,0.0368832,0.0415212,0.0416245,1
50,1771545059623263352,1771545059724634872,1771545059621622232,1771545059725283448,2.82497e-05,-3.96026e-06,2.49574e-05,0,0.0039375,-0.0250855,-0.0179145,0.0310836,0.0126672,0.00400735,-0.0251051,-0.0179099,0.0311056,0.012789,1
51,1771545059724634872,1771545059824695416,1771545059725283448,1771545059825328792,-6.05162e-05,-1.50439e-06,1.95422e-05,0,0.00293572,0.00376439,-0.00974234,0.0108836,0.0160838,0.00293916,0.00379147,-0.00974973,0.0109006,0.0160912,1
52,1771545059824695416,1771545059924219288,1771545059825328792,1771545059925315768,5.437e-06,2.43e-05,-7.70936e-05,0,-0.0195783,-0.0137266,-0.0400302,0.046571,0.0214959,-0.0195782,-0.0137263,-0.0400303,0.046571,0.021507,1
53,1771545059924219288,1771545060024172664,1771545059925315768,1771545060026419032,-2.4206e-05,-1.14809e-05,5.58584e-06,0,0.0162424,-0.0111654,-0.00275488,0.0199156,0.0172497,0.016243,-0.011156,-0.00275796,0.0199113,0.0172567,1
54,1771545060024172664,1771545060125185656,1771545060026419032,1771545060124172152,2.62256e-05,2.42186e-05,-8.36083e-06,0,0.0306489,0.00745342,-0.0223616,0.0386343,0.0232747,0.030646,0.00746192,-0.0223624,0.0386341,0.0232798,1
55,1771545060125185656,1771545060224041112,1771545060124172152,1771545060222724888,-7.0802e-06,-3.9847e-05,8.62939e-05,0,0.0107825,0.00803247,0.00669942,0.0150104,0.0112517,0.0107467,0.00820449,0.0067509,0.0151007,0.0113677,1
56,1771545060224041112,1771545060324262104,1771545060222724888,1771545060325563608,-9.01258e-06,5.82342e-05,-6.47417e-05,0,-0.0092659,0.00929179,0.0381804,0.0404183,0.0370053,-0.00926265,0.00929713,0.0381777,0.0404163,0.0370118,1
57,1771545060324262104,1771545060424763768,1771545060325563608,1771545060425809368,-4.03098e-07,-5.03349e-06,-1.19797e-05,0,0.00468867,-0.0276752,-0.0264832,0.0385791,0.0251839,0.00469276,-0.0276884,-0.0264804,0.0385871,0.0251886,1
58,1771545060424763768,1771545060524932856,1771545060425809368,1771545060525708600,3.39883e-05,2.33201e-06,-1.91094e-06,0,-0.00622148,-0.0483817,0.00112373,0.0487997,0.00271864,-0.00617565,-0.0484214,0.00111465,0.048833,0.00280496,1
59,1771545060524932856,1771545060624491672,1771545060525708600,1771545060625237272,3.01842e-06,-9.63452e-05,4.00068e-05,0,0.00608497,-0.0606442,-0.0345223,0.0699828,0.030467,0.00610861,-0.0606949,-0.0345169,0.070026,0.0305061,1
60,1771545060624491672,1771545060724335480,1771545060625237272,1771545060725418168,7.20262e-06,2.67596e-05,6.53934e-06,0,0.0010241,-0.0159384,-0.00677427,0.0173753,0.012285,0.00102479,-0.0159429,-0.00677304,0.0173789,0.012285,1
61,1771545060724335480,1771545060824525208,1771545060725418168,1771545060825478008,-9.17269e-06,-1.19345e-05,-1.42666e-05,0,0.023003,-0.0353202,0.00901118,0.0431009,0.0108307,0.0230032,-0.0353162,0.00900966,0.0430975,0.0108307,1
62,1771545060824525208,1771545060924431800,1771545060825478008,1771545060926529432,8.87718e-06,2.19485e-05,-4.59577e-05,0,-0.0182249,-0.0184894,0.0108595,0.0281792,0.0152702,-0.0182238,-0.0184799,0.0108556,0.0281708,0.0152702,1
63,1771545060924431800,1771545061023492632,1771545060926529432,1771545061021701720,-2.89882e-05,3.26444e-05,2.16702e-05,0,-0.0242531,-0.0504539,0.0190371,0.0591379,0.0109293,-0.0242559,-0.0504364,0.0190327,0.0591226,0.0109402,1
64,1771545061023492632,1771545061124319576,1771545061021701720,1771545061125325624,2.8221e-05,-5.67564e-05,0.000123683,0,0.01988,-0.00551951,-0.0191093,0.0281753,0.0158147,0.0198713,-0.00549498,-0.0191115,0.0281658,0.0158373,1
65,1771545061124319576,1771545061223148312,1771545061125325624,1771545061221704536,-2.29313e-05,-1.37522e-05,-0.00010147,0,-0.0410504,-0.0358522,-0.0263336,0.0604629,0.0169359,-0.0410255,-0.0358263,-0.0263517,0.0604386,0.016971,1
66,1771545061223148312,1771545061324576664,1771545061221704536,1771545061325429752,1.32602e-05,6.72296e-05,1.20572e-05,0,-0.0223751,-0.033864,-0.00915565,0.0416727,0.0151526,-0.0224263,-0.0337468,-0.00914423,0.0416024,0.0153014,1
67,1771545061324576664,1771545061424612696,1771545061325429752,1771545061423638040,5.28468e-05,-3.69361e-05,5.43672e-07,0,-0.0059569,-0.030442,-0.0266664,0.0408866,0.0184841,-0.00596209,-0.030474,-0.0266519,0.0409017,0.0185099,1
68,1771545061424612696,1771545061524539000,1771545061423638040,1771545061526225048,-8.91707e-05,-4.37349e-05,-4.09685e-05,0,0.0107856,-0.0179479,-0.0182852,0.0277789,0.0237463,0.0108034,-0.0179376,-0.0182935,0.0277848,0.0237614,1
69,1771545061524539000,1771545061624122584,1771545061526225048,1771545061626472824,-4.97591e-05,7.36166e-05,3.77449e-05,0,-0.0148493,-0.0390728,-0.000902579,0.0418611,0.0162681,-0.0148505,-0.0390631,-0.000904687,0.0418525,0.0162754,1
70,1771545061624122584,1771545061724085784,1771545061626472824,1771545061722595320,0.000139583,-2.85142e-05,-1.19098e-05,0,-0.0223727,-0.0265602,-0.0102735,0.0362771,0.0090563,-0.0224982,-0.0264362,-0.0102125,0.0362476,0.00918699,1
71,1771545061724085784,1771545061824495096,1771545061722595320,1771545061825570168,-5.81585e-05,-3.97836e-05,-5.43589e-05,0,0.0581573,-0.0556165,-0.00974896,0.0810666,0.00888353,0.0581606,-0.0556203,-0.00974902,0.0810716,0.00888353,1
72,1771545061824495096,1771545061924030744,1771545061825570168,1771545061925187960,2.3921e-05,6.63245e-06,6.2428e-05,0,-0.0224265,-0.0185986,-0.0333626,0.0443554,0.0271169,-0.0223586,-0.0184112,-0.0334443,0.0443046,0.0273359,1
73,1771545061924030744,1771545062023952408,1771545061925187960,1771545062025721848,-8.575e-06,6.64002e-06,-2.18739e-05,0,-0.0354987,-0.0391549,-0.012988,0.0544178,0.0129832,-0.0354966,-0.0391579,-0.0129877,0.0544185,0.0130016,1
74,1771545062023952408,1771545062124081816,1771545062025721848,1771545062125394264,1.4451e-05,5.80118e-05,4.86448e-05,0,-0.0393615,-0.0518541,-0.0275491,0.07076,0.0196411,-0.0393699,-0.0518786,-0.0275359,0.0707774,0.0196533,1
75,1771545062124081816,1771545062224190136,1771545062125394264,1771545062226234968,-5.2116e-05,-4.88228e-05,-4.49083e-05,0,0.00143585,-0.0128989,-0.0103231,0.0165221,0.0208997,0.00143299,-0.0128904,-0.0103246,0.0165162,0.0209111,1
76,1771545062224190136,1771545062324177624,1771545062226234968,1771545062325484472,8.34925e-06,-4.21773e-06,-3.53691e-05,0,0.00958048,-0.0368349,-0.00129771,0.0380752,0.0090957,0.00957617,-0.0368157,-0.00130155,0.0380557,0.0091088,1
77,1771545062324177624,1771545062424064184,1771545062325484472,1771545062422924472,8.719e-06,5.86475e-05,8.28685e-05,0,-0.0158001,-0.011792,-0.0398407,0.0445449,0.00961806,-0.0158027,-0.0117888,-0.0398405,0.0445448,0.00961806,1
78,1771545062424064184,1771545062523976792,1771545062422924472,1771545062522207064,2.4677e-05,-7.02832e-05,8.02656e-06,0,-0.00992189,-0.0149999,-0.0186449,0.0258797,0.0279995,-0.00990146,-0.0150002,-0.0186533,0.025878,0.0280335,1
79,1771545062523976792,1771545062624414872,1771545062522207064,1771545062625415608,6.3716e-05,0.00022274,-3.45633e-05,0,0.00074314,0.0137474,-0.0115707,0.0177893,0.0124966,0.000744695,0.0137539,-0.0115729,0.0177958,0.0124966,1
80,1771545062624414872,1771545062724772760,1771545062625415608,1771545062725800984,-8.63523e-05,-0.000198325,3.46457e-07,0,-0.024857,-0.0418603,-0.0121976,0.049981,0.0177672,-0.0248603,-0.0418513,-0.0121996,0.0499755,0.0177739,1
81,1771545062724772760,1771545062824477368,1771545062725800984,1771545062825431448,4.84941e-05,-6.12166e-06,-9.02256e-05,0,-0.0299144,-0.00377873,-0.0396571,0.049775,0.0239712,-0.0299128,-0.0037814,-0.0396569,0.049774,0.0239712,1
82,1771545062824477368,1771545062924473880,1771545062825431448,1771545062925765560,-4.98587e-05,5.91161e-05,9.13945e-05,0,0.00548227,-0.0269339,-0.00539791,0.0280956,0.00889694,0.00563276,-0.0268024,-0.00543583,0.0280069,0.00904313,1
83,1771545062924473880,1771545063024552280,1771545062925765560,1771545063025471928,4.75601e-05,3.46711e-06,-6.90476e-06,0,-0.00445808,-0.0464629,0.000390558,0.046686,0.020333,-0.00445734,-0.0464209,0.000376082,0.046644,0.0203565,1
84,1771545063024552280,1771545063124468984,1771545063025471928,1771545063125295672,-1.76375e-05,-2.63872e-05,-2.0092e-05,0,-0.018994,-0.0117452,-0.0333967,0.0401427,0.01749,-0.0189921,-0.0117389,-0.0333991,0.0401419,0.0174968,1
85,1771545063124468984,1771545063224432120,1771545063125295672,1771545063225666680,-4.05838e-05,5.95295e-05,2.75448e-06,0,-0.00694579,-0.0184979,-0.0200023,0.0281472,0.0224614,-0.00694072,-0.0185152,-0.0199979,0.0281542,0.022472,1
86,1771545063224432120,1771545063325039768,1771545063225666680,1771545063325662936,3.12933e-05,-8.76176e-05,-1.82061e-05,0,0.01428,-0.00924077,-0.00747785,0.0185055,0.0283086,0.0142659,-0.00916831,-0.00749277,0.0184649,0.0283675,1
87,1771545063325039768,1771545063424887576,1771545063325662936,1771545063424455960,1.68608e-05,-9.86142e-06,6.33927e-05,0,-0.021523,-0.0319805,-0.0198319,0.043381,0.00790354,-0.021524,-0.0319728,-0.019834,0.0433768,0.00790354,1
88,1771545063424887576,1771545063526842392,1771545063424455960,1771545063526691192,-3.868e-05,-4.13975e-07,-4.39605e-05,0,-0.0436833,-0.0136925,0.00721265,0.046314,0.0160616,-0.043682,-0.0137034,0.00721611,0.0463165,0.0160764,1
89,1771545063526842392,1771545063624241144,1771545063526691192,1771545063625302360,1.59979e-06,-8.2926e-06,1.83623e-05,0,0.0168695,-0.0313478,-0.016425,0.0392056,0.0138625,0.0168688,-0.0313426,-0.0164269,0.0392019,0.0138711,1
90,1771545063624241144,1771545063724305496,1771545063625302360,1771545063725086968,2.1324e-05,-9.18504e-07,-4.8976e-06,0,-0.024645,-0.0492057,-0.00334773,0.0551427,0.0233769,-0.0246306,-0.0492159,-0.00335023,0.0551455,0.0233922,1
91,1771545063724305496,1771545063824865912,1771545063725086968,1771545063785067576,-5.26711e-05,2.65883e-05,-5.82547e-05,0,0.00303548,0.00732521,-0.0210926,0.0224778,0.0167448,0.00303404,0.00733031,-0.0210934,0.02248,0.016759,1
92,1771545063824865912,1771545063928969432,1771545063785067576,1771545063928855608,5.93879e-05,3.19848e-05,8.55074e-06,0,0.00809026,-0.0313513,-0.0200759,0.0381155,0.0126389,0.00809183,-0.0313524,-0.0200763,0.038117,0.0126389,1
93,1771545063928969432,1771545064024158584,1771545063928855608,1771545064025552408,2.7417e-05,-3.85745e-05,1.30269e-05,0,0.00265603,-0.0079719,-0.00991265,0.0129756,0.0279825,0.00265609,-0.00793278,-0.00992431,0.0129607,0.0280123,1
94,1771545064024158584,1771545064124180984,1771545064025552408,1771545064126286616,-4.10478e-05,1.27142e-05,7.10032e-05,0,-0.0179732,-0.0129856,-0.00224411,0.0222683,0.00308816,-0.0179894,-0.0129845,-0.00223807,0.0222801,0.00312653,1
95,1771545064124180984,1771545064223884632,1771545064126286616,1771545064225447864,-2.28271e-05,1.8453e-05,1.95945e-05,0,0.00247072,-0.0292434,-0.00645213,0.0300725,0.031555,0.00247622,-0.0292247,-0.00646077,0.0300566,0.0315701,1
96,1771545064223884632,1771545064324510616,1771545064225447864,1771545064325556984,-2.66689e-05,-4.26432e-05,-8.54385e-05,0,0.0401825,-0.0643431,0.0210148,0.0787181,0.00674819,0.0401845,-0.0643542,0.0210174,0.078729,0.00674819,1
97,1771545064324510616,1771545064424367000,1771545064325556984,1771545064425192504,2.96241e-06,5.77802e-05,2.01413e-05,0,-0.0133297,-0.0207517,-0.0301649,0.0390119,0.00753285,-0.0133395,-0.0207442,-0.030163,0.0390098,0.00754866,1
98,1771545064424367000,1771545064524270776,1771545064425192504,1771545064526347448,5.75052e-05,-2.85397e-05,1.57154e-05,0,0.0154987,-0.00519257,0.00507063,0.0170484,0.0135141,0.0154994,-0.00518806,0.00506922,0.0170473,0.0135318,1
99,1771545064524270776,1771545064624278456,1771545064526347448,1771545064625431992,-1.8812e-05,-1.74617e-05,-1.33988e-05,0,-0.00322288,0.0199657,0.0044984,0.0207352,0.0291878,-0.00322362,0.0199729,0.00449693,0.020742,0.0292083,1
100,1771545064624278456,1771545064724550520,1771545064625431992,1771545064725411928,2.63932e-05,1.44954e-06,1.38884e-05,0,0.0102022,-0.032406,0.0227317,0.0408643,0.0105066,0.0102515,-0.032513,0.022817,0.0410088,0.0105406,1
101,1771545064724550520,1771545064824414584,1771545064725411928,1771545064825610840,-2.89652e-05,-2.98122e-06,-4.53146e-06,0,-0.0098845,-0.016736,-0.0156285,0.0249246,0.0133633,-0.00988378,-0.0167364,-0.0156288,0.0249247,0.0133811,1
102,1771545064824414584,1771545064924170872,1771545064825610840,1771545064925615960,5.01468e-05,0.000415053,-1.67986e-06,0,0.00437883,-0.0315095,-0.0123285,0.0344944,0.02822,0.00439554,-0.0314844,-0.0123447,0.0344791,0.0282412,1
103,1771545064924170872,1771545065024236216,1771545064925615960,1771545065026041688,-6.2947e-05,-0.000422603,3.78645e-05,0,0.0465153,-0.0778163,-0.00751372,0.090644,0.0213679,0.0465282,-0.0777994,-0.00752411,0.0906371,0.0213847,1
104,1771545065024236216,1771545065124850424,1771545065026041688,1771545065125198616,4.67017e-05,4.67041e-05,-2.37759e-05,0,-0.0383421,0.00284678,0.00275932,0.0385913,0.03686,-0.038357,0.00287919,0.00275571,0.0386082,0.0369053,1
105,1771545065124850424,1771545065226082136,1771545065125198616,1771545065225992344,-3.00265e-05,-9.86291e-05,-3.66121e-05,0,-0.051411,-0.0429366,-0.0176645,0.0691798,0.0237864,-0.0514184,-0.0429231,-0.0176651,0.0691771,0.0238115,1
106,1771545065226082136,1771545065325123672,1771545065225992344,1771545065325604088,7.76027e-06,7.14608e-05,-1.33091e-05,0,0.0210851,-0.036621,-0.0087578,0.0432094,0.0162461,0.0211075,-0.0366054,-0.00877294,0.0432102,0.0162681,1
107,1771545065325123672,1771545065425419800,1771545065325604088,1771545065425240280,2.12565e-05,6.02209e-06,2.16635e-05,0,-0.00731049,-0.0456557,-0.0138271,0.0482756,0.00539325,-0.00732161,-0.0454695,-0.0138614,0.0481111,0.00552428,1
108,1771545065425419800,1771545065524370904,1771545065425240280,1771545065525198552,2.13911e-05,-0.000102289,-1.24276e-05,0,-0.000715789,-0.0179167,-0.0423295,0.0459199,0.00970444,-0.000726224,-0.0178452,-0.0423497,0.0459109,0.00977786,1
109,1771545065524370904,1771545065624082712,1771545065525198552,1771545065622539160,-3.23266e-05,0.000105493,5.87969e-05,0,0.0197867,-0.0285149,-0.00100571,0.0348289,0.0240902,0.0197851,-0.0285016,-0.00100887,0.0348172,0.0241001,1
110,1771545065624082712,1771545065724546712,1771545065622539160,1771545065725150744,2.69718e-07,-3.9905e-05,6.66799e-06,0,0.0415456,-0.0654757,-0.0114312,0.0783497,0.0153791,0.041552,-0.0654672,-0.0114371,0.0783469,0.0154023,1
111,1771545065724546712,1771545065824243672,1771545065725150744,1771545065827218168,-2.06106e-05,3.16246e-05,-4.22767e-05,0,-0.0288002,0.0167578,0.0194448,0.0385717,0.0455164,-0.028848,0.0167984,0.0194529,0.0386291,0.0455923,1
112,1771545065824243672,1771545065924252984,1771545065827218168,1771545065925627960,-8.86964e-06,4.71288e-06,3.6493e-05,0,-0.0309594,0.00298687,-0.00699604,0.0318792,0.0167945,-0.0309674,0.00299093,-0.00699408,0.0318869,0.0168016,1
113,1771545065924252984,1771545066024245240,1771545065925627960,1771545066025450840,4.44969e-05,2.79739e-05,-0.000128271,0,-0.0398789,-0.0236002,-0.0195136,0.0502788,0.00987492,-0.0398724,-0.0235944,-0.019518,0.0502726,0.00988698,1
114,1771545066024245240,1771545066124175064,1771545066025450840,1771545066125661688,-1.4088e-05,-2.56351e-05,8.44397e-05,0,-0.0106938,-0.0470175,0.0129699,0.0498832,0.0213121,-0.0107004,-0.0469744,0.0129603,0.0498414,0.0213568,1
115,1771545066124175064,1771545066225057400,1771545066125661688,1771545066225317528,-8.36591e-06,-9.25405e-06,8.5163e-05,0,-0.00782496,0.0325568,-0.0258676,0.0423697,0.0153403,-0.00775176,0.0324562,-0.0258248,0.0422527,0.0153791,1
116,1771545066225057400,1771545066324439256,1771545066225317528,1771545066325189912,-5.69776e-05,-4.45093e-05,-6.59451e-05,0,0.0110566,-0.0366429,0.00111603,0.0382668,0.0283465,0.0110671,-0.0365874,0.00109422,0.0382161,0.0283885,1
117,1771545066324439256,1771545066424310072,1771545066325189912,1771545066425172952,6.72255e-05,3.45489e-05,-3.51425e-05,0,0.0330525,-0.0511541,0.00105425,0.0609056,0.012686,0.0330574,-0.0511403,0.00104738,0.0608965,0.0126954,1
118,1771545066424310072,1771545066524529336,1771545066425172952,1771545066525433720,-5.16171e-05,-7.18674e-05,7.59086e-05,0,0.0119983,-0.00508032,-0.00264093,0.0133292,0.0158599,0.0119907,-0.00506359,-0.00264208,0.0133163,0.0158824,1
119,1771545066524529336,1771545066624188856,1771545066525433720,1771545066626186648,2.48135e-05,1.76567e-05,-1.55207e-05,0,-0.00713276,0.0126762,0.0109804,0.0182313,0.02811,-0.00711737,0.0127891,0.0109378,0.0182783,0.0282074,1
120,1771545066624188856,1771545066724292632,1771545066626186648,1771545066725822072,8.06609e-05,0.000252955,3.99206e-07,0,0.00873863,-0.0777541,0.00630276,0.0787387,0.0300612,0.00874412,-0.0777879,0.00631468,0.0787738,0.030085,1
121,1771545066724292632,1771545066824146424,1771545066725822072,1771545066825201272,-3.13177e-05,-0.000158082,-4.53958e-05,0,-0.0423089,-0.0168291,-0.012242,0.0470539,0.0329306,-0.0422947,-0.0167085,-0.0122737,0.0470068,0.0330318,1
122,1771545066824146424,1771545066923902104,1771545066825201272,1771545066925295896,-2.33069e-05,-2.19798e-05,-1.15849e-05,0,0.00427261,-0.0242732,0.00200025,0.0247108,0.00746928,0.00423988,-0.0244734,0.00211258,0.024911,0.00764283,1
123,1771545066923902104,1771545067023835544,1771545066925295896,1771545067025443928,-1.74307e-05,8.88262e-06,3.65447e-05,0,-0.0264143,0.0048437,0.00748691,0.027851,0.0126389,-0.0264084,0.00486248,0.00747938,0.0278467,0.0126578,1
124,1771545067023835544,1771545067124265464,1771545067025443928,1771545067125375640,1.68549e-06,-5.53695e-05,5.46774e-06,0,-0.0342431,-0.0379474,-0.0101387,0.0520712,0.0321946,-0.0341961,-0.0378748,-0.0101796,0.0519955,0.0322649,1
125,1771545067124265464,1771545067223965688,1771545067125375640,1771545067223309752,2.05541e-05,-2.07148e-05,1.22738e-05,0,-0.0231018,0.00101105,-0.00165796,0.0232055,0.024253,-0.0231138,0.00101827,-0.00165511,0.0232177,0.0242677,1
126,1771545067223965688,1771545067324064536,1771545067223309752,1771545067325369848,-2.45748e-05,3.365e-05,-5.05014e-06,0,-0.0383531,-0.089864,0.00943865,0.0981827,0.0308519,-0.038331,-0.0899861,0.00947555,0.0982895,0.0309446,1
127,1771545067324064536,1771545067424160600,1771545067325369848,1771545067426081848,-7.95394e-06,1.09362e-05,-1.66345e-05,0,-0.0317426,0.0106352,0.00621895,0.0340419,0.0196229,-0.0317473,0.0106584,0.00621331,0.0340524,0.0196411,1
128,1771545067424160600,1771545067524119032,1771545067426081848,1771545067525358584,1.70043e-05,3.24527e-05,2.81807e-06,0,-0.040709,-0.025258,0.00612385,0.0483289,0.0208312,-0.0406832,-0.0252086,0.00610056,0.0482783,0.0208826,1
129,1771545067524119032,1771545067623945336,1771545067525358584,1771545067625255800,-1.4307e-05,-7.26528e-05,-9.70776e-06,0,0.00687796,-0.0452104,-0.0484131,0.0665417,0.0168512,0.0068801,-0.0452335,-0.0484065,0.0665529,0.0168654,1
130,1771545067623945336,1771545067723830296,1771545067625255800,1771545067725581112,2.66033e-06,3.71926e-05,-1.77153e-05,0,-0.0135776,-0.0215936,-0.00766418,0.0266605,0.0298622,-0.0135544,-0.0215467,-0.00768624,0.026617,0.0299061,1
131,1771545067723830296,1771545067824120248,1771545067725581112,1771545067825415256,1.52662e-05,-2.33034e-05,6.48389e-05,0,-0.0143333,-0.0128447,-0.016056,0.0251028,0.03096,-0.0143254,-0.0128409,-0.0160609,0.0250995,0.0309715,1
132,1771545067824120248,1771545067924056216,1771545067825415256,1771545067925105784,8.478e-06,4.88898e-05,-5.2516e-05,0,0.00725036,-0.00434303,-0.0106306,0.013551,0.0208483,0.0072473,-0.00433657,-0.010631,0.0135476,0.020854,1
133,1771545067924056216,1771545068024480152,1771545067925105784,1771545068024908248,-1.38743e-06,-3.69816e-05,2.07554e-05,0,0.02386,-0.0196149,-0.0146291,0.0341654,0.0236305,0.0238634,-0.0196246,-0.0146277,0.0341728,0.0236356,1
134,1771545068024480152,1771545068124002168,1771545068024908248,1771545068125287384,-2.53783e-05,2.99058e-05,3.33358e-05,0,-0.0496702,-0.00537684,-0.00675605,0.0503978,0.0205082,-0.0496896,-0.00535376,-0.00675119,0.0504138,0.0205372,1
135,1771545068124002168,1771545068224035288,1771545068125287384,1771545068226078008,-3.15313e-05,2.7058e-05,-2.86432e-05,0,-0.0419519,-0.0255884,-0.0449678,0.0665807,0.00967984,-0.0419563,-0.0255953,-0.0449639,0.0665836,0.00969214,1
136,1771545068224035288,1771545068324247960,1771545068226078008,1771545068325111512,3.79428e-05,-3.38458e-05,-9.80483e-06,0,-0.0440118,-0.0428308,-0.0304509,0.0685465,0.00442158,-0.0439719,-0.0430426,-0.0303906,0.0686266,0.00458049,1
137,1771545068324247960,1771545068424028568,1771545068325111512,1771545068425034680,-1.20012e-05,2.05074e-05,1.98992e-05,0,0.0322593,-0.0298662,-0.028154,0.0522343,0.016702,0.0322669,-0.0298617,-0.0281584,0.0522388,0.0167163,1
138,1771545068424028568,1771545068524068088,1771545068425034680,1771545068525494264,6.49048e-06,2.43256e-05,8.25769e-06,0,-0.0388193,-0.0451735,-0.00849913,0.0601886,0.0355895,-0.0388157,-0.0451267,-0.0085164,0.0601535,0.0356297,1
139,1771545068524068088,1771545068623872440,1771545068525494264,1771545068625322936,8.77353e-06,4.5453e-06,-6.99106e-05,0,-0.0215538,-0.0500853,-0.00640859,0.054901,0.00405597,-0.0215547,-0.0500377,-0.00642265,0.0548595,0.00420036,1
140,1771545068623872440,1771545068724164344,1771545068625322936,1771545068724069784,-1.94477e-06,-7.8866e-05,1.72744e-05,0,0.0225216,-0.0026214,-0.0150576,0.0272218,0.0249317,0.0225285,-0.00261859,-0.0150611,0.0272291,0.0249365,1
141,1771545068724164344,1771545068824090680,1771545068724069784,1771545068825206872,2.23705e-05,4.96979e-05,5.27171e-05,0,-0.0361725,-0.0779504,-0.0175241,0.0877669,0.025485,-0.0361678,-0.0779156,-0.0175373,0.0877367,0.0255131,1
142,1771545068824090680,1771545068924227736,1771545068825206872,1771545068925482648,1.93316e-05,-5.68896e-05,-6.74805e-05,0,-0.0031325,-0.0597282,0.00440282,0.0599215,0.0140334,-0.00313878,-0.0596932,0.00439261,0.0598862,0.0140674,1
143,1771545068924227736,1771545069024323800,1771545068925482648,1771545069021781496,-4.7615e-05,-5.48291e-06,4.38183e-05,0,-0.0177632,-0.0759479,-0.0122142,0.0789389,0.0116474,-0.0177552,-0.0759658,-0.012212,0.078954,0.0116678,1
144,1771545069024323800,1771545069124286968,1771545069021781496,1771545069125639864,8.29817e-05,0.000150431,5.08882e-05,0,0.0251837,-0.00703606,-0.0319765,0.0413213,0.0245316,0.0251886,-0.00700192,-0.0319863,0.0413259,0.0245462,1
145,1771545069124286968,1771545069224071992,1771545069125639864,1771545069222018360,-7.65987e-05,-0.000123942,-9.30565e-05,0,-0.0143722,0.00914858,0.0115633,0.020645,0.0292246,-0.0143831,0.00916447,0.0115631,0.0206595,0.0292653,1
146,1771545069224071992,1771545069324096024,1771545069222018360,1771545069324898872,-1.00855e-05,8.98316e-05,-6.72005e-06,0,-0.0215416,-0.00255731,-0.00419167,0.0220936,0.0265437,-0.0215527,-0.00249571,-0.00420501,0.0220996,0.0265976,1
147,1771545069324096024,1771545069424077816,1771545069324898872,1771545069426139576,1.49075e-05,-9.93896e-05,8.31155e-05,0,0.0187713,0.00921832,-0.0272578,0.0344405,0.0270993,0.0187576,0.00928382,-0.0272718,0.0344619,0.0271477,1
148,1771545069424077816,1771545069524159640,1771545069426139576,1771545069525722328,1.2546e-05,8.52238e-05,-5.05527e-05,0,-0.00866737,-0.0670032,0.0102055,0.0684206,0.019738,-0.00866482,-0.0670083,0.0102064,0.0684254,0.0197501,1
149,1771545069524159640,1771545069624254840,1771545069525722328,1771545069621470232,6.91183e-05,4.82435e-05,3.50846e-05,0,0.0133135,-0.0314362,0.00478402,0.0344853,0.0213177,0.0132917,-0.031383,0.00477116,0.0344266,0.0213568,1
150,1771545069624254840,1771545069723963192,1771545069621470232,1771545069725405016,-7.81125e-05,-0.000121562,1.50654e-05,0,0.0279391,-0.0651773,0.0311984,0.0773926,0.00999491,0.0279434,-0.0651887,0.0312003,0.0774045,0.0100187,1
151,1771545069723963192,1771545069824137368,1771545069725405016,1771545069825484024,-1.37017e-05,-1.38259e-05,-2.77139e-05,0,0.035056,0.0306057,0.0106864,0.0477727,0.0558893,0.0350367,0.0307262,0.0106729,0.0478328,0.055981,1
152,1771545069824137368,1771545069924333720,1771545069825484024,1771545069925262104,5.24755e-05,2.40667e-05,-3.42119e-05,0,-0.0148918,-0.0235369,-0.00826671,0.0290899,0.0254335,-0.014897,-0.0235419,-0.00826311,0.0290956,0.0254523,1
153,1771545069924333720,1771545070023953272,1771545069925262104,1771545070025258072,-1.87506e-05,1.96691e-05,5.83114e-06,0,-0.0187732,0.00116652,-0.0153173,0.0242455,0.0230586,-0.0187723,0.00117854,-0.0153215,0.024248,0.0230637,1
154,1771545070023953272,1771545070124064888,1771545070025258072,1771545070125556376,-8.46609e-06,4.77796e-06,2.68116e-05,0,-0.0340385,0.0247438,-0.0284343,0.0507947,0.0184648,-0.0342179,0.0247706,-0.028257,0.0508292,0.0185742,1
155,1771545070124064888,1771545070224059000,1771545070125556376,1771545070225494904,-4.0925e-05,-5.26834e-05,-1.001e-05,0,-0.0199572,-0.0294942,0.0129345,0.0378289,0.00316443,-0.0199801,-0.0295237,0.0129561,0.0378713,0.00320188,1
156,1771545070224059000,1771545070324054136,1771545070225494904,1771545070325639864,3.06821e-06,5.79575e-05,-2.14695e-05,0,0.00856113,-0.0364443,-0.00565155,0.0379124,0.0245024,0.00857197,-0.0364356,-0.00565887,0.0379076,0.024517,1
157,1771545070324054136,1771545070424174968,1771545070325639864,1771545070426328120,2.05733e-05,-2.86129e-05,6.72066e-05,0,-0.0131608,-0.0150841,-0.0204407,0.0286529,0.0150103,-0.0131621,-0.0150808,-0.0204412,0.0286522,0.0150183,1
158,1771545070424174968,1771545070523976376,1771545070426328120,1771545070525268920,-3.40184e-05,1.99105e-05,-5.98807e-05,0,-0.00416221,0.0182071,0.0117426,0.0220706,0.0295532,-0.0041517,0.0182236,0.0117344,0.0220779,0.0295693,1
159,1771545070523976376,1771545070624112600,1771545070525268920,1771545070625032728,2.68299e-05,-2.39153e-05,1.29192e-05,0,-0.0233844,-0.0499087,-0.0233703,0.0598611,0.0142693,-0.0233664,-0.0499453,-0.0233637,0.059882,0.0143027,1
160,1771545070624112600,1771545070725206872,1771545070625032728,1771545070725561816,-8.00521e-06,2.08865e-05,1.63525e-05,0,-0.0294028,0.00532693,-0.00594232,0.0304584,0.0185421,-0.0294004,0.00533064,-0.00594421,0.0304571,0.018555,1
161,1771545070725206872,1771545070823881048,1771545070725561816,1771545070824986680,2.23386e-05,-6.08079e-05,-1.02221e-05,0,-0.00133719,-0.0693739,-0.00597892,0.0695829,0.0234228,-0.00133169,-0.0693867,-0.00597704,0.0695954,0.023438,1
162,1771545070823881048,1771545070924083192,1771545070824986680,1771545070925428824,-7.34681e-06,5.96354e-05,-3.26894e-05,0,-0.00193974,-0.0754314,-0.0182434,0.0776805,0.00870733,-0.00191333,-0.0753812,-0.0182682,0.0776369,0.00874831,1
163,1771545070924083192,1771545071023709208,1771545070925428824,1771545071025661112,-1.13526e-06,-1.64992e-05,3.80318e-05,0,-0.0099322,-0.025382,0.00734167,0.0282025,0.023991,-0.00992832,-0.0253388,0.00732634,0.0281583,0.0240258,1
164,1771545071023709208,1771545071123935960,1771545071025661112,1771545071125077080,3.40555e-05,-5.33784e-05,-4.18608e-05,0,-0.0116152,-0.0270795,-0.0287447,0.0411092,0.0204733,-0.0116166,-0.0270781,-0.0287444,0.0411085,0.0204791,1
165,1771545071123935960,1771545071223745848,1771545071125077080,1771545071225582360,-3.51071e-05,8.93308e-05,4.06684e-05,0,0.0216927,-0.0381983,0.00815442,0.0447646,0.0191556,0.021691,-0.0381981,0.00815513,0.0447638,0.0191681,1
166,1771545071223745848,1771545071324118840,1771545071225582360,1771545071322327224,1.48472e-05,-5.62642e-05,2.72834e-05,0,-0.0150623,-0.0328443,0.013599,0.038556,0.0135669,-0.0150616,-0.0328472,0.0135998,0.0385585,0.0135669,1
167,1771545071324118840,1771545071424061272,1771545071322327224,1771545071425525752,0.000131992,0.000137528,1.19577e-05,0,-0.0246396,-0.0249186,0.0153368,0.0384225,0.00519051,-0.0245572,-0.0249013,0.0153241,0.0383531,0.00525896,1
168,1771545071424061272,1771545071523948888,1771545071425525752,1771545071525066744,-0.000142938,-9.90556e-05,-5.35952e-05,0,-0.000129232,-0.0272465,0.00317828,0.0273391,0.0227672,-0.000133271,-0.0272452,0.00318006,0.0273381,0.0227724,1
169,1771545071523948888,1771545071624037016,1771545071525066744,1771545071625152440,1.87969e-05,-5.15303e-05,4.37702e-05,0,0.0060393,-0.0690773,-0.0376904,0.0788965,0.0139653,0.00604233,-0.0691001,-0.0376853,0.0789143,0.0139824,1
170,1771545071624037016,1771545071723788120,1771545071625152440,1771545071725145816,-3.26237e-05,8.60146e-05,-2.21691e-05,0,-0.00727535,-0.0348773,-0.0218205,0.0418337,0.0206299,-0.0072681,-0.0348876,-0.0218197,0.0418406,0.0206414,1
171,1771545071723788120,1771545071824055544,1771545071725145816,1771545071825182584,3.40161e-05,-8.24738e-06,-5.76166e-05,0,-0.060689,-0.000211373,-0.00630052,0.0610434,0.0313921,-0.0606939,-0.000215635,-0.00629708,0.0610479,0.0313959,1
172,1771545071824055544,1771545071924336248,1771545071825182584,1771545071925179800,-4.00592e-05,1.5345e-05,-1.20815e-05,0,0.0306865,-0.0740061,-0.0353018,0.0875709,0.00738905,0.0306859,-0.0740296,-0.035294,0.0875875,0.00740517,1
173,1771545071924336248,1771545072024145144,1771545071925179800,1771545072025305304,2.95301e-05,-5.24849e-05,9.17068e-05,0,-0.0300208,-0.0331449,-0.00157381,0.0447314,0.0228769,-0.0300212,-0.0331715,-0.00156417,0.0447511,0.0228977,1
174,1771545072024145144,1771545072128969496,1771545072025305304,1771545072128867224,-3.86676e-06,-9.51268e-05,-4.55338e-05,0,0.00152168,-0.0339181,-0.0207895,0.0397069,0.0134167,0.00152446,-0.0339238,-0.020789,0.0397115,0.0134256,1
175,1771545072128969496,1771545072225191416,1771545072128867224,1771545072225400664,-2.89916e-05,0.00012786,-2.18649e-05,0,-0.0029483,-0.0481363,0.00365107,0.0484916,0.0176325,-0.00293714,-0.0481337,0.00364563,0.048488,0.0176528,1
176,1771545072225191416,1771545072324125592,1771545072225400664,1771545072325654968,4.29791e-05,-3.68623e-05,4.41959e-05,0,-0.00751122,-0.0304979,-0.0294692,0.0430811,0.0151447,-0.00750934,-0.0305058,-0.029468,0.0430855,0.0151447,1
177,1771545072324125592,1771545072424136888,1771545072325654968,1771545072425761016,-3.08935e-05,1.66692e-06,-4.33154e-05,0,0.00926589,-0.0586777,-0.0248906,0.0643979,0.00959324,0.00928366,-0.0587016,-0.0248877,0.0644211,0.00961806,1
178,1771545072424136888,1771545072524072856,1771545072425761016,1771545072525608312,-1.32657e-05,-1.7345e-05,5.13202e-05,0,-0.0595854,-0.00942244,-0.0203401,0.063664,0.0196168,-0.0595876,-0.00942956,-0.0203367,0.063666,0.0196229,1
179,1771545072524072856,1771545072624152728,1771545072525608312,1771545072625230200,3.41695e-05,3.43913e-05,1.57775e-05,0,0.00608246,-0.0561141,0.00889756,0.0571675,0.0167234,0.00609195,-0.0561585,0.00891151,0.0572142,0.016759,1
180,1771545072624152728,1771545072724410264,1771545072625230200,1771545072725891736,-2.47445e-05,-4.16851e-05,-1.9117e-05,0,-0.0292759,-0.0690336,-0.0100469,0.0756047,0.00873467,-0.0292436,-0.0690769,-0.0100461,0.0756316,0.00884318,1
181,1771545072724410264,1771545072824726392,1771545072725891736,1771545072825903928,4.33171e-05,2.83443e-05,-6.49013e-05,0,-0.0394702,0.00870159,-0.0325621,0.0518903,0.0218425,-0.039459,0.00871101,-0.0325691,0.0518878,0.0218807,1
182,1771545072824726392,1771545072924359832,1771545072825903928,1771545072925756056,1.1594e-05,-6.47603e-05,0.000147758,0,0.0326601,-0.046736,0.00658656,0.0573201,0.00918699,0.03266,-0.0467406,0.00658813,0.0573239,0.00918699,1
183,1771545072924359832,1771545073024238456,1771545072925756056,1771545073024145720,6.64292e-05,0.000252636,-0.000110815,0,0.0205393,-0.0302332,-0.0194276,0.0414929,0.0310676,0.0205232,-0.0301415,-0.0194395,0.0414232,0.0311404,1
184,1771545073024238456,1771545073123826328,1771545073024145720,1771545073125271288,-8.79961e-05,-0.000167049,-1.92443e-05,0,0.00840153,-0.030514,-0.00817327,0.0325499,0.015184,0.00839297,-0.0305084,-0.00817129,0.032542,0.0151919,1
185,1771545073123826328,1771545073224015320,1771545073125271288,1771545073224995256,-4.25539e-06,-3.65376e-05,3.91132e-05,0,0.00361772,-0.034168,-0.0131053,0.0367539,0.0138453,0.0036237,-0.0341767,-0.0131051,0.0367625,0.0138453,1
186,1771545073224015320,1771545073324219096,1771545073224995256,1771545073325715832,-3.89257e-06,1.38543e-05,2.0531e-05,0,-0.0144078,0.00690594,0.0189593,0.024772,0.0188229,-0.0144096,0.00691158,0.0189586,0.024774,0.0188292,1
187,1771545073324219096,1771545073424209016,1771545073325715832,1771545073425194136,-1.30688e-05,2.29453e-05,-7.60797e-05,0,-0.0376277,-0.0217779,-0.00779735,0.044156,0.0278501,-0.0376112,-0.0216727,-0.00784223,0.044098,0.0279441,1
188,1771545073424209016,1771545073527413144,1771545073425194136,1771545073527211608,2.34049e-06,-5.09283e-05,5.06928e-05,0,0.00960572,-0.0223232,-0.0393265,0.0462476,0.0300453,0.00961218,-0.0223204,-0.0393301,0.0462507,0.0300532,1
189,1771545073527413144,1771545073624186648,1771545073527211608,1771545073625181496,-6.80923e-06,2.7475e-05,-6.5637e-05,0,-0.0130782,-0.0201832,0.00259139,0.0242155,0.0208655,-0.0130755,-0.0201735,0.00258737,0.0242055,0.0208769,1
190,1771545073624186648,1771545073723877880,1771545073625181496,1771545073722971736,3.85924e-05,-4.32536e-05,2.13549e-05,0,0.00404716,-0.0435672,-0.0367381,0.0571109,0.0241446,0.00405739,-0.043476,-0.0367733,0.0570649,0.0242087,1
191,1771545073723877880,1771545073823990552,1771545073722971736,1771545073822577848,-5.81884e-05,5.964e-05,4.19394e-05,0,-0.0184551,-0.0108791,-0.0201588,0.0294308,0.00300997,-0.0184385,-0.0108963,-0.0201628,0.0294295,0.00308816,1
192,1771545073823990552,1771545073923971064,1771545073822577848,1771545073925154936,2.9525e-05,-4.93047e-05,-4.682e-05,0,0.0241394,0.0333795,-0.0152161,0.043919,0.0145997,0.0241659,0.0335778,-0.0151794,0.044072,0.0146241,1
193,1771545073923971064,1771545074023910072,1771545073925154936,1771545074025290136,-1.98384e-05,8.54413e-05,3.99892e-05,0,-0.00617511,-0.0384742,-0.00540739,0.039426,0.0157316,-0.00616966,-0.0384633,-0.00541299,0.0394153,0.0157468,1
194,1771545074023910072,1771545074123871928,1771545074025290136,1771545074125606712,-4.12649e-06,-7.48653e-05,1.22234e-05,0,-0.0234286,-0.021878,0.00725541,0.0328108,0.0084573,-0.0233891,-0.0217715,0.00722586,0.0327053,0.00862479,1
195,1771545074123871928,1771545074223978456,1771545074125606712,1771545074225748760,3.68583e-05,4.30468e-05,-2.39958e-05,0,0.0250944,-0.0380838,-0.0328272,0.0561924,0.0193414,0.0250997,-0.0380855,-0.0328294,0.0561972,0.0193476,1
196,1771545074223978456,1771545074323874968,1771545074225748760,1771545074325814328,-1.92416e-05,4.59502e-05,4.92023e-06,0,0.0197945,-0.022559,-0.0136327,0.0330084,0.0125443,0.0197958,-0.022548,-0.0136367,0.0330033,0.0125538,1
197,1771545074323874968,1771545074424190392,1771545074325814328,1771545074426038872,2.16896e-05,-0.000134835,6.11355e-06,0,-0.015682,-0.0214559,-0.0425827,0.0501498,0.0105632,-0.0156846,-0.0214562,-0.0425817,0.0501499,0.0105519,1
198,1771545074424190392,1771545074524063512,1771545074426038872,1771545074525946680,3.76517e-06,0.000111864,-3.50046e-05,0,-0.0244416,-0.00361408,-0.0201602,0.0318823,0.0161578,-0.024441,-0.00363129,-0.020154,0.03188,0.0161652,1
199,1771545074524063512,1771545074623807576,1771545074525946680,1771545074625243928,1.05711e-05,-4.33894e-05,7.33537e-05,0,-0.00150424,-0.0527838,-0.0177768,0.0556998,0.0085135,-0.00159406,-0.0528003,-0.0177078,0.0556959,0.0085971,1
200,1771545074623807576,1771545074724161592,1771545074625243928,1771545074725157016,-3.32812e-05,-2.35707e-05,-8.9264e-05,0,0.00806787,-0.0207519,-0.0176438,0.0283453,0.0127423,0.00805963,-0.0207325,-0.0176462,0.0283303,0.0127516,1
201,1771545074724161592,1771545074824026008,1771545074725157016,1771545074825127160,-4.095e-06,7.52699e-05,4.33885e-05,0,-0.0368855,-0.0106394,-0.0124309,0.0403813,0.0206183,-0.0368941,-0.0106334,-0.012428,0.0403867,0.0206299,1
202,1771545074824026008,1771545074925243704,1771545074825127160,1771545074925088024,-1.44272e-06,-5.89346e-05,3.80434e-05,0,0.016569,-0.0704992,-0.0218495,0.0756007,0.0177873,0.016582,-0.0704973,-0.0218569,0.075604,0.0178074,1
203,1771545074925243704,1771545075029003064,1771545074925088024,1771545075028898328,2.57607e-05,-4.49425e-05,-2.43334e-05,0,-0.0119637,-0.0486249,-0.00277508,0.0501131,0.0104611,-0.0119601,-0.0486063,-0.00278297,0.0500947,0.0104725,1
204,1771545075029003064,1771545075123896376,1771545075028898328,1771545075125401080,1.51291e-05,9.4411e-05,-2.54398e-05,0,0.000877237,-0.0252414,-0.0315608,0.0404614,0.012854,0.000875418,-0.025237,-0.0315615,0.0404592,0.0128633,1
205,1771545075123896376,1771545075224193816,1771545075125401080,1771545075226064056,-2.3786e-05,-8.29684e-05,-1.45015e-05,0,-0.024702,0.00401336,-0.0309084,0.0397521,0.0164285,-0.0246977,0.00409646,-0.0309357,0.0397793,0.0164937,1
206,1771545075224193816,1771545075324906616,1771545075226064056,1771545075325206424,-2.28184e-05,8.7722e-05,1.78615e-05,0,-0.0459005,-0.0414271,0.00410055,0.0620073,0.0271257,-0.0458879,-0.0414137,0.00409204,0.0619885,0.0271521,1
207,1771545075324906616,1771545075424626392,1771545075325206424,1771545075425888472,2.36464e-05,-6.68305e-05,5.80034e-05,0,0.0505252,-0.0609062,-0.00635723,0.0793284,0.0219025,0.0505512,-0.0607122,-0.00612601,0.0791778,0.0218807,1
208,1771545075424626392,1771545075524958776,1771545075425888472,1771545075526141816,-1.75221e-05,-3.40252e-05,-5.62319e-05,0,-0.0152486,-0.0166311,0.00481848,0.023048,0.0141181,-0.0152563,-0.0166181,0.00481887,0.0230438,0.0141181,1
209,1771545075524958776,1771545075624213016,1771545075526141816,1771545075625685080,3.78234e-05,8.29923e-05,4.32572e-05,0,0.0166449,-0.0616756,-0.0265079,0.069245,0.0212729,0.0166553,-0.0617586,-0.0264825,0.0693119,0.0213233,1
210,1771545075624213016,1771545075724830488,1771545075625685080,1771545075724352376,-2.60824e-05,-4.33656e-05,-1.3316e-05,0,0.0179938,-0.0458714,-0.00981027,0.0502086,0.0346387,0.0180665,-0.0456843,-0.00990146,0.0500821,0.0348241,1
211,1771545075724830488,1771545075832378360,1771545075724352376,1771545075851169368,4.97646e-06,3.35408e-05,-5.57571e-05,0,-0.0250669,-0.0262027,-0.000809602,0.0362975,0.00936689,-0.025068,-0.0262039,-0.000808725,0.0362991,0.00936689,1
212,1771545075832378360,1771545075924423512,1771545075851169368,1771545075925085816,-2.1923e-05,-1.578e-05,4.34906e-05,0,-0.0363569,-0.041769,-0.0261373,0.061229,0.0147782,-0.0363565,-0.041798,-0.0261266,0.061244,0.0147943,1
213,1771545075924423512,1771545076023996952,1771545075925085816,1771545076025059448,6.34717e-05,-1.84718e-05,3.69e-05,0,-0.0230395,-0.0410404,-0.0125468,0.0487329,0.0233973,-0.0230352,-0.0410377,-0.0125489,0.0487292,0.0234024,1
214,1771545076023996952,1771545076124760568,1771545076025059448,1771545076125087512,-4.72094e-05,3.0773e-05,3.53026e-07,0,0.0451886,-0.03843,-0.0081362,0.0599309,0.00822868,0.0451848,-0.0384212,-0.00813833,0.0599227,0.00824316,1
215,1771545076124760568,1771545076223961752,1771545076125087512,1771545076222827000,3.70338e-06,-7.41534e-05,-1.67407e-06,0,-0.00592929,-0.057867,-0.0410872,0.0711565,0.0175172,-0.00592789,-0.0578726,-0.0410862,0.0711602,0.017524,1
216,1771545076223961752,1771545076324113848,1771545076222827000,1771545076325153144,-1.1585e-05,8.19077e-05,-7.05499e-05,0,-0.0176603,0.0103412,0.00467896,0.0209592,0.0178342,-0.0176704,0.0103743,0.00467259,0.0209825,0.0178809,1
217,1771545076324113848,1771545076424162008,1771545076325153144,1771545076425254392,-9.86567e-06,1.03083e-06,7.24775e-06,0,0.0241751,-0.0201747,-0.0309872,0.0441886,0.0169288,0.0241869,-0.0201777,-0.0309905,0.0441987,0.0169429,1
218,1771545076424162008,1771545076525299480,1771545076425254392,1771545076525183864,4.41265e-05,-4.42392e-05,1.13883e-05,0,-0.0236573,-0.0160287,0.0224759,0.0363581,0.0104269,-0.0236577,-0.0160263,0.0224755,0.0363571,0.0104269,1
219,1771545076525299480,1771545076624252600,1771545076525183864,1771545076625359576,-4.46978e-05,7.03258e-05,1.71733e-05,0,-0.0252758,0.0199837,-0.0401397,0.0514366,0.0221514,-0.0252821,0.0199923,-0.0401396,0.051443,0.0221622,1
220,1771545076624252600,1771545076734498968,1771545076625359576,1771545076732000248,1.44893e-05,-0.000105815,5.44751e-06,0,-0.0161046,-0.0520201,-0.00219028,0.0544035,0.0131021,-0.0160952,-0.0520119,-0.00219668,0.0543931,0.0131021,1
221,1771545076734498968,1771545076824874200,1771545076732000248,1771545076825211672,2.69258e-05,4.78632e-05,3.15893e-05,0,0.00844052,-0.0434622,-0.00402388,0.0445013,0.0211718,0.00843844,-0.0434538,-0.00402569,0.0444928,0.021183,1
222,1771545076824874200,1771545076924059096,1771545076825211672,1771545076926150968,1.1026e-05,4.99972e-06,-4.24087e-05,0,-0.0295915,-0.0552642,-0.020783,0.0660392,0.0126201,-0.0295895,-0.0552823,-0.0207785,0.0660519,0.0126295,1
223,1771545076924059096,1771545077024197688,1771545076926150968,1771545077025412568,-1.53999e-05,6.72589e-05,-6.65655e-05,0,0.0066217,0.0155483,0.0125761,0.0210607,0.0132468,0.00663121,0.0155462,0.0125735,0.0210605,0.0132648,1
224,1771545077024197688,1771545077124127544,1771545077025412568,1771545077125172952,-4.6862e-05,-5.76999e-05,6.14755e-05,0,0.00013072,-0.0175608,-0.0272407,0.0324315,0.0199303,0.000133806,-0.0175736,-0.0272376,0.0324357,0.0199423,1
225,1771545077124127544,1771545077223800856,1771545077125172952,1771545077224799032,5.45698e-05,9.14301e-06,1.43906e-05,0,-0.0287969,-0.0317803,0.0038087,0.0430972,0.00873467,-0.0288013,-0.0317626,0.00380648,0.043087,0.00874831,1
226,1771545077223800856,1771545077324953976,1771545077224799032,1771545077325762488,-4.41335e-05,2.86569e-05,2.50573e-05,0,-0.0374826,-0.056844,-0.011378,0.0690375,0.0249078,-0.0374716,-0.0568704,-0.0113736,0.0690525,0.0249173,1
227,1771545077324953976,1771545077423648888,1771545077325762488,1771545077424882296,2.63671e-05,-5.59964e-06,-2.27648e-05,0,-0.00900426,-0.00372949,0.0165618,0.0192475,0.0451718,-0.00894414,-0.00362695,0.0165127,0.0191574,0.045272,1
228,1771545077423648888,1771545077524120216,1771545077424882296,1771545077525076600,-8.34511e-06,-6.39292e-05,2.8636e-06,0,-0.00950445,-0.00233851,0.00541025,0.011162,0.0314073,-0.00950396,-0.00232428,0.00540745,0.0111573,0.0314263,1
229,1771545077524120216,1771545077624363672,1771545077525076600,1771545077625050296,-7.44241e-06,3.43399e-05,-2.14974e-06,0,-0.0296138,-0.0289272,-0.0165294,0.0445921,0.0190119,-0.0296107,-0.0289298,-0.0165299,0.044592,0.0190245,1
230,1771545077624363672,1771545077724409880,1771545077625050296,1771545077723906552,2.5301e-05,-1.42819e-05,2.18356e-05,0,0.00918013,-0.08465,-0.00554938,0.0853115,0.0246963,0.00918987,-0.0846951,-0.00553566,0.0853564,0.02473,1
231,1771545077724409880,1771545077824863864,1771545077723906552,1771545077826311832,-3.41999e-05,-6.4844e-06,-7.14109e-05,0,-0.00177863,-0.0161964,-0.0021474,0.0164154,0.0160616,-0.00177489,-0.0161891,-0.00215163,0.0164083,0.016069,1
232,1771545077824863864,1771545077924013560,1771545077826311832,1771545077924919288,1.86049e-05,3.1137e-06,2.62941e-05,0,-0.0161864,-0.0124427,-0.00489682,0.0210176,0.0170061,-0.0161914,-0.0124339,-0.00489713,0.0210163,0.0170272,1
233,1771545077924013560,1771545078023859160,1771545077924919288,1771545078024983032,-4.35044e-05,1.58756e-05,5.96904e-05,0,-0.0241965,-0.0314127,-0.0238538,0.0462923,0.0111453,-0.024187,-0.0314344,-0.0238498,0.0463,0.011156,1
234,1771545078023859160,1771545078125302072,1771545078024983032,1771545078124977176,1.40635e-05,4.79192e-05,-7.3624e-05,0,-0.002748,-0.0569777,-0.0112114,0.0581687,0.0224083,-0.002731,-0.0569708,-0.0112196,0.0581627,0.0224349,1
235,1771545078125302072,1771545078224015800,1771545078124977176,1771545078224983672,3.31167e-05,-7.40636e-05,-1.40901e-05,0,0.01306,0.00991903,0.0276227,0.0321458,0.0205314,0.0130603,0.0099176,0.0276231,0.0321458,0.0205314,1
236,1771545078224015800,1771545078324052120,1771545078224983672,1771545078325898872,-2.02355e-05,1.48769e-05,4.73253e-05,0,-0.0100719,-0.0508878,-0.0127476,0.05344,0.00327549,-0.0100221,-0.0509996,-0.0127345,0.053534,0.00331169,1
237,1771545078324052120,1771545078423974136,1771545078325898872,1771545078425014072,8.77496e-05,8.22463e-05,1.31723e-05,0,-0.0327736,-0.060183,-0.0448829,0.0820209,0.0163995,-0.0327804,-0.0602644,-0.0448493,0.0820651,0.0164503,1
238,1771545078423974136,1771545078524062488,1771545078425014072,1771545078524880280,-6.83207e-05,-5.40842e-05,4.24676e-06,0,-0.0150802,0.0262837,0.00949286,0.0317658,0.0183871,-0.0150768,0.0262921,0.00948927,0.0317702,0.0184001,1
239,1771545078524062488,1771545078623956760,1771545078524880280,1771545078623067288,-1.97817e-05,8.06185e-06,-7.15277e-06,0,-0.0259276,-0.0170394,-0.035282,0.0469696,0.0256064,-0.0259407,-0.0170225,-0.0352812,0.0469701,0.0256343,1
240,1771545078623956760,1771545078723920856,1771545078623067288,1771545078725704440,1.887e-05,8.87595e-06,-9.43967e-05,0,-0.0458291,-0.0383527,0.00456194,0.0599611,0.030728,-0.0458273,-0.0383499,0.0045605,0.0599578,0.0307435,1
241,1771545078723920856,1771545078824060632,1771545078725704440,1771545078825009432,-1.20143e-05,-2.02494e-05,6.80292e-05,0,0.0157872,-0.0247984,0.0105974,0.031216,0.0136283,0.0157949,-0.024779,0.0105884,0.0312015,0.0136458,1
242,1771545078824060632,1771545078923859192,1771545078825009432,1771545078925283544,1.68924e-05,-6.87668e-05,2.78009e-05,0,0.0227025,-0.0257012,0.0130144,0.0366102,0.0181128,0.0226989,-0.0256907,0.0130127,0.0366,0.0181259,1
243,1771545078923859192,1771545079023873560,1771545078925283544,1771545079024917496,7.25038e-06,3.70458e-05,-6.60789e-06,0,-0.0313908,-0.0311576,-0.0281773,0.0524645,0.0256436,-0.0313912,-0.0311686,-0.0281741,0.0524696,0.0256575,1
244,1771545079023873560,1771545079123941080,1771545079024917496,1771545079125134776,-7.69138e-07,1.84734e-05,-2.48497e-05,0,0.0233718,-0.0247661,-0.0365446,0.0499425,0.0315172,0.023374,-0.0247401,-0.036554,0.0499374,0.0315588,1
245,1771545079123941080,1771545079223964760,1771545079125134776,1771545079216823512,-5.18912e-05,-2.98039e-05,1.24389e-05,0,-0.0100802,0.00490629,0.00784027,0.0136458,0.024677,-0.0100792,0.00491961,0.00783627,0.0136475,0.0246914,1
246,1771545079223964760,1771545079323822296,1771545079216823512,1771545079325016088,1.11258e-05,-6.30367e-06,-1.04769e-05,0,0.00228191,0.0191962,0.0172101,0.0258928,0.0294926,0.00227506,0.019209,0.0172083,0.0259006,0.0295088,1
247,1771545079323822296,1771545079424104824,1771545079325016088,1771545079425683704,1.92242e-05,-2.02912e-05,1.33131e-05,0,-0.0326352,-0.0431756,-0.00410632,0.054274,0.0274404,-0.0326134,-0.0431816,-0.00411255,0.054266,0.0274664,1
248,1771545079424104824,1771545079524272856,1771545079425683704,1771545079525067192,3.61585e-05,0.000112694,5.32502e-06,0,-0.00564466,-0.0284171,-0.0276353,0.0401276,0.0216726,-0.00562633,-0.0284154,-0.0276429,0.0401291,0.0216946,1
249,1771545079524272856,1771545079623887640,1771545079525067192,1771545079624864472,-4.22052e-06,-8.99395e-05,-7.16992e-07,0,-0.000276527,-0.0201596,-0.0107489,0.0227681,0.0158373,-0.00027313,-0.0201628,-0.0107492,0.022771,0.0158449,1
250,1771545079623887640,1771545079723835736,1771545079624864472,1771545079724665016,-3.32142e-05,-2.0823e-05,-5.60997e-05,0,-0.0545922,-0.036944,-0.0187219,0.068472,0.0213679,-0.0545924,-0.0369728,-0.0187123,0.0684851,0.0213902,1
251,1771545079723835736,1771545079823800984,1771545079724665016,1771545079825610936,-3.69764e-05,5.26476e-05,2.7304e-05,0,-0.0208476,-0.0231174,-0.00297062,0.0312877,0.0198584,-0.0208523,-0.0230193,-0.00299972,0.0312211,0.0199363,1
252,1771545079823800984,1771545079923802488,1771545079825610936,1771545079924927960,1.80891e-06,-3.01488e-05,5.39388e-05,0,-0.00646691,-0.00372055,0.00852503,0.0112793,0.0126389,-0.0064646,-0.00372231,0.00852458,0.0112782,0.0126389,1
253,1771545079923802488,1771545080024047992,1771545079924927960,1771545080026098712,6.90166e-05,1.23021e-05,-2.10428e-05,0,0.0351114,0.00741716,0.0089463,0.0369217,0.0258842,0.0351049,0.007431,0.00894388,0.0369177,0.0258934,1
254,1771545080024047992,1771545080123837560,1771545080026098712,1771545080125007320,-2.1441e-05,-3.62344e-06,6.73854e-07,0,-0.0140062,-0.0386148,0.01319,0.0431318,0.0205024,-0.0140059,-0.0385748,0.013179,0.0430926,0.0205314,1
255,1771545080123837560,1771545080224078360,1771545080125007320,1771545080224911832,2.59173e-05,-7.67642e-05,-3.32639e-05,0,-0.00279046,-0.051983,0.0311289,0.0606075,0.0107644,-0.00278701,-0.0519414,0.0311157,0.060565,0.0107976,1
